[
{"keyword": "Feature", "name": "Unregistered users can create a new account", "tags": [], "location": "register.feature:1", "status": "passed", "elements": [{"type": "scenario", "keyword": "Scenario", "name": "Registering a new user", "tags": [], "location": "register.feature:4", "steps": [{"keyword": "Given", "step_type": "given", "name": "an unregistered user is on home page", "location": "register.feature:5", "match": {"location": "steps/register_steps.py:17", "arguments": []}, "result": {"status": "passed", "duration": 0.31401610374450684}}, {"keyword": "When", "step_type": "when", "name": "user clicks on Register option of dropdown menu from My Account option in the header", "location": "register.feature:6", "match": {"location": "steps/register_steps.py:25", "arguments": []}, "result": {"status": "passed", "duration": 0.5064699649810791}}, {"keyword": "And", "step_type": "when", "name": "user fills all fields with personal information", "location": "register.feature:7", "match": {"location": "steps/register_steps.py:31", "arguments": []}, "result": {"status": "passed", "duration": 0.6146697998046875}}, {"keyword": "And", "step_type": "when", "name": "user checks Yes/No radiobutton for subscription to the newsletter", "location": "register.feature:8", "match": {"location": "steps/register_steps.py:53", "arguments": []}, "result": {"status": "passed", "duration": 0.24773502349853516}}, {"keyword": "And", "step_type": "when", "name": "user checks I have read and agree to the Privacy Policy checkbox", "location": "register.feature:9", "match": {"location": "steps/register_steps.py:62", "arguments": []}, "result": {"status": "passed", "duration": 0.23760414123535156}}, {"keyword": "And", "step_type": "when", "name": "user clicks Continue button", "location": "register.feature:10", "match": {"location": "steps/register_steps.py:68", "arguments": []}, "result": {"status": "passed", "duration": 2.0473792552948}}, {"keyword": "Then", "step_type": "then", "name": "message \"Your Account Has Been Created!\" or \"E-Mail Address is already registered\" appears", "location": "register.feature:11", "match": {"location": "steps/register_steps.py:75", "arguments": []}, "result": {"status": "passed", "duration": 0.20877599716186523}}], "status": "passed"}]}
]
